Community_ID,Subreddit_Đại_Diện,Số lượng Comment,Top 20 Keywords (LDA)
0,Genshin_Impact,42150,"characters, character, team, new, columbina, better, genshin, story, ll, ineffa, doesn, did, dps, actually, damage, does, lot, probably, yeah, didn"
2,PathOfExile2,31437,"questions, automatically, moderators, bot, action, contact, concerns, performed, compose, overwatch, posts, rules, spoilers, removed, flair, spoiler, bug, help, temple, new"
1,Brawlstars,25660,"new, deck, brawl, brawler, reddit, rules, low, cards, evo, better, yeah, removed, supercell, bad, level, brawlers, pass, stars, buffies, posts"
6,Destiny,25583,"trump, right, shit, going, bad, did, actually, country, say, maduro, venezuela, doesn, war, thing, said, fucking, point, world, does, power"
7,deadbydaylight,25536,"killer, survivor, survivors, seconds, killers, fog, perks, unsummon, drawn, optout, dbd, fun, perk, power, new, ll, better, lol, doesn, actually"
3,Games,21006,"xbox, switch, support, removed, new, issues, better, help, console, ll, going, years, community, doesn, did, pc, buy, ps5, didn, lot"
4,Battlefield,20832,"maps, battlefield, bf6, map, better, lol, bad, team, did, actually, new, player, bf, yeah, doesn, fun, cod, shit, point, say"
5,2007scape,20526,"lol, content, account, did, doing, new, going, yeah, jagex, osrs, ll, bots, better, getting, actually, xp, sure, point, hours, lot"
9,Minecraft,17134,"comment, minecraft, quality, purpose, downvote, rules, breaks, does, fit, fits, poor, upvote, report, submission, reason, removal, 3a, removed, __, 0a"
8,FortNiteBR,14839,"skin, fortnite, epic, skins, season, lol, new, free, yeah, player, did, ll, better, didn, getting, actually, fun, buy, chapter, lot"
12,ffxiv,11099,"going, content, ll, new, ddos, level, lot, doesn, actually, doing, story, point, did, say, thing, isn, things, right, tank, long"
11,skyrim,11078,"skyrim, armor, level, quest, ll, mods, mod, did, lol, character, better, actually, damage, doesn, right, kill, going, empire, lot, sure"
13,BaldursGate3,10888,"act, character, did, run, party, ll, level, doesn, fight, evil, didn, gale, astarion, lot, things, long, going, yeah, kill, sure"
15,leagueoflegends,10646,"doesn, team, league, better, damage, riot, lot, player, new, say, actually, going, lol, lane, support, does, thing, win, elo, bad"
16,DnD,10601,"dm, character, level, rules, spell, player, party, going, things, spells, say, ll, fun, new, doesn, magic, campaign, lot, characters, maybe"
10,Overwatch,10505,"team, tank, dps, support, better, doesn, hero, lol, damage, mercy, actually, right, point, new, vendetta, rank, say, yeah, bad, getting"
14,DotA2,10197,"dota, hero, team, score, heroes, lane, damage, doesn, mmr, enemy, items, better, mid, lol, bad, actually, lot, support, does, win"
17,MonsterHunter,9628,"monster, wilds, monsters, world, hunter, rise, fight, better, new, mh, doesn, did, lot, actually, damage, ll, weapon, yeah, pretty, thing"
18,residentevil,7838,"leon, remake, chris, evil, resident, re4, story, ada, capcom, did, original, character, didn, lol, doesn, og, jill, different, say, yeah"
19,NoMansSkyTheGame,7326,"ship, planet, freighter, save, base, space, build, expedition, corvette, ll, new, class, ships, systems, planets, sun, look, station, things, sure"
20,chess,6457,"chess, position, magnus, world, moderators, player, best, moves, save, rating, classical, comment, removed, better, hikaru, engine, white, doesn, submission, black"
21,skyrim,133,"skyrim, bugs, said, mods, mod, thats, dont, fps, actually, smosh, far, jizz, look, youre, comment, 60, 360, joke, mean, im"
