Subreddit,Số lượng Comment,Top 20 Keywords (LDA)
Genshin_Impact,30186,"characters, character, team, columbina, new, ineffa, genshin, better, does, ll, story, reason, process, doesn, did, review, damage, actually, dps, probably"
Destiny,25424,"trump, right, shit, going, did, bad, country, actually, say, maduro, venezuela, doesn, war, thing, said, fucking, point, world, does, power"
deadbydaylight,24330,"killer, survivor, survivors, seconds, killers, fog, perks, unsummon, drawn, optout, dbd, perk, fun, new, power, ll, better, lol, actually, doesn"
PathOfExile2,23158,"temple, league, build, questions, damage, maps, try, run, topic, doesn, rooms, lot, map, currency, fun, better, level, div, new, going"
Battlefield,21305,"maps, battlefield, bf6, map, better, lol, bad, team, bf, did, actually, player, new, cod, yeah, doesn, fun, shit, point, say"
2007scape,21120,"content, lol, account, did, doing, new, going, osrs, jagex, yeah, xp, getting, bots, ll, actually, better, hours, lot, sure, point"
FortNiteBR,15952,"epic, fortnite, skin, skins, season, bot, questions, lol, player, free, team, new, contact, automatically, did, yeah, action, fortnitebr, performed, better"
Minecraft,15740,"comment, minecraft, quality, purpose, downvote, rules, breaks, does, fit, poor, upvote, fits, report, submission, reason, removal, 3a, removed, __, 0a"
HonkaiStarRail,14972,"spoilers, spoiler, new, rules, posts, include, remove, automatically, patch, flaired, content, honkaistarrail, title, weeks, reminder, does, story, questions, characters, contact"
Brawlstars,14654,"brawlstars, questions, removed, rules, brawler, contact, brawl, thread, automatically, new, reddit, mega, low, using, wiki, discussion, brawlers, bot, moderators, posts"
ClashRoyale,13816,"karma, deck, action, removed, clashroyale, evo, cards, questions, bot, automatically, contact, moderators, performed, concerns, compose, does, 10, comment, level, spam"
Overwatch,12948,"overwatch, automatically, posts, questions, action, bot, following, concerns, contact, moderators, performed, compose, team, rules, common, bugs, patch, report, information, bug"
BaldursGate3,12365,"act, character, hot, did, action, check, run, baldursgate3, party, evil, ll, level, questions, fight, doesn, astarion, read, gale, didn, feel"
leagueoflegends,12337,"team, league, doesn, better, damage, riot, leagueoflegends, read, removed, automatically, player, new, lot, rules, 100, lane, lol, actually, say, bot"
skyrim,11968,"skyrim, armor, mod, mods, level, quest, ll, did, lol, character, empire, actually, right, doesn, ulfric, better, kill, going, didn, damage"
DnD,11490,"character, dm, rules, level, spell, player, dnd, party, new, things, going, spells, characters, say, campaign, fun, ll, magic, does, doesn"
ffxiv,11307,"content, going, ll, ddos, new, level, lot, actually, doing, doesn, point, story, did, ffxiv, thing, things, tank, say, isn, right"
DotA2,10666,"dota, team, hero, score, lane, heroes, damage, doesn, mmr, enemy, mid, items, better, lol, support, lot, actually, bad, win, does"
MonsterHunter,10201,"monster, wilds, monsters, world, hunter, rise, fight, better, mh, new, lot, did, doesn, damage, weapon, ll, actually, pretty, yeah, dragon"
residentevil,8647,"leon, remake, evil, chris, resident, re4, story, ada, character, capcom, did, didn, jill, original, lol, og, horror, ll, say, yeah"
Games,8357,"questions, removed, bot, thread, try, asking, rules, automatically, submission, moderators, short, specific, years, going, look, better, removal, answer, didn, doesn"
NoMansSkyTheGame,8098,"flair, bug, question, bot, ship, answer, answered, help, nomansskythegame, questions, action, automatically, contact, moderators, planet, freighter, performed, compose, concerns, base"
chess,6903,"chess, position, magnus, moderators, world, moves, best, player, rating, save, classical, removed, better, comment, white, lichess, hikaru, engine, black, doesn"
playstation,5989,"removed, support, purchase, discussion, ps5, thread, tech, comment, send, posts, weekly, new, unjustly, posted, playstation, ps4, topics, questions, moderators, recommendations"
NintendoSwitch2,5684,"switch, posts, help, nintendoswitch2, moderators, console, nintendo, new, issue, trying, support, check, comment, comments, questions, welcome, community, bot, action, repetitive"
xbox,5394,"xbox, support, issues, following, community, help, page, series, buy, console, program, posts, reason, potential, ll, contact, peer, pc, removed, thank"
Terraria,3497,"world, terraria, biome, new, ll, mode, blocks, try, spawn, hardmode, right, did, sure, boss, thanks, better, yeah, fishing, using, lol"
